{"cameraMode":{"drawMode":0,"name":"Shaded","section":"Shading Mode"},"sceneLighting":false,"audioPlay":false,"sceneViewState":{"showFog":true,"showMaterialUpdate":false,"showSkybox":true,"showFlares":true,"showImageEffects":true,"showParticleSystems":true},"in2DMode":false,"pivot":{"x":7.350295066833496,"y":17.47821617126465,"z":-16.4411563873291},"rotation":{"x":-0.15473361313343049,"y":0.17272169888019563,"z":-0.027486443519592286,"w":-0.9723566770553589},"size":4.543374061584473,"orthographic":false}