{"cameraMode":{"drawMode":0,"name":"Shaded","section":"Shading Mode"},"sceneLighting":false,"audioPlay":false,"sceneViewState":{"showFog":true,"showMaterialUpdate":false,"showSkybox":true,"showFlares":true,"showImageEffects":true,"showParticleSystems":true},"in2DMode":false,"pivot":{"x":14.008841514587403,"y":18.385562896728517,"z":-16.039833068847658},"rotation":{"x":-0.3224391043186188,"y":0.18189416825771333,"z":-0.06328370422124863,"w":-0.9267960786819458},"size":-2.0301241874694826,"orthographic":false}