{"cameraMode":{"drawMode":0,"name":"Shaded","section":"Shading Mode"},"sceneLighting":false,"audioPlay":false,"sceneViewState":{"showFog":true,"showMaterialUpdate":false,"showSkybox":false,"showFlares":true,"showImageEffects":true,"showParticleSystems":true},"in2DMode":false,"pivot":{"x":-3.641573190689087,"y":-0.22037816047668458,"z":5.650829315185547},"rotation":{"x":0.09974226355552674,"y":-0.5657001733779907,"z":0.06936357915401459,"w":0.8157488703727722},"size":2.3709840774536135,"orthographic":false}